real_x,real_y,real_z,virtual_x,virtual_y,virtual_z
-0.38938,1.094794,3.564714,-0.07345355,-0.03672472,0.2934927
-0.3778474,1.110388,3.566585,-0.07660079,-0.03749701,0.2937826
-0.3646225,1.078525,3.568979,-0.07824659,-0.03718382,0.2918022
-0.432523,1.112824,3.544852,-0.07953733,-0.03834053,0.2900332
-0.4129492,1.096538,3.55186,-0.07955623,-0.03833674,0.2903373
-0.2777392,1.152076,3.584302,-0.08013475,-0.03855516,0.2949263
-0.2534048,1.144374,3.590663,-0.0794718,-0.04018651,0.2959698
-0.1974706,1.081143,3.606082,-0.07420045,-0.03511837,0.2930429
-0.1750139,1.086697,3.610187,-0.0766705,-0.03530212,0.2931179
-0.2629992,1.144917,3.588844,-0.07683355,-0.03642639,0.2940017
-0.2574884,1.140299,3.589185,-0.07808769,-0.03884416,0.2943749
-0.2469938,1.094253,3.594935,-0.07922697,-0.04046774,0.2941028
-0.2299201,1.100339,3.597471,-0.07930019,-0.03970288,0.2938929
-0.2371299,1.11915,3.593407,-0.07968557,-0.04008618,0.2938093
-0.3124938,1.126333,3.577461,-0.07790768,-0.03821185,0.2928841
-0.2956393,1.139626,3.579056,-0.0779627,-0.03920789,0.2930353
-0.2886892,1.11604,3.583386,-0.07898259,-0.04002402,0.2929587
-0.2243704,1.084994,3.598436,-0.07844424,-0.04064701,0.2929746
-0.2375153,1.100367,3.596465,-0.07834876,-0.04065442,0.2940222
-0.2362871,1.088112,3.593715,-0.07849926,-0.04260042,0.2923658
-0.2772094,1.083407,3.584995,-0.07840157,-0.04308138,0.2917978
-0.3185136,1.105103,3.576032,-0.07767665,-0.0424416,0.2928488
-0.3052962,1.099873,3.580333,-0.07699001,-0.0420258,0.2932695
-0.2655303,1.131996,3.586444,-0.07640088,-0.04256558,0.2945554
-0.2433609,1.077436,3.595803,-0.07733679,-0.04293003,0.2938254
-0.2203557,1.079874,3.599406,-0.07645738,-0.04382437,0.2938628
-0.2024083,1.066138,3.603299,-0.07719719,-0.0446092,0.2935381
-0.2183975,1.049187,3.602762,-0.07697642,-0.04390849,0.2934994
-0.2015916,1.042032,3.605668,-0.07636625,-0.04268102,0.2928333
-0.2163227,1.078655,3.600399,-0.07639635,-0.04375932,0.2937689
-0.1990096,1.060751,3.604765,-0.07663369,-0.04392838,0.2934796
-0.2254949,1.06725,3.600686,-0.07618904,-0.0436892,0.2941071
-0.1921911,1.055916,3.607225,-0.07575575,-0.04349098,0.2937732
-0.2100734,1.041476,3.604681,-0.07588828,-0.04295236,0.2929296
-0.2483786,1.093488,3.594193,-0.07506269,-0.0427702,0.2944711
-0.244581,1.07825,3.595307,-0.07567543,-0.04256716,0.2936078
-0.2463447,1.099563,3.596231,-0.07529145,-0.04286169,0.2961802
-0.2391968,1.08575,3.596199,-0.07503617,-0.04234423,0.2942824
-0.2473581,1.084653,3.594405,-0.07507318,-0.0417921,0.2938495
-0.2278623,1.088384,3.597838,-0.07532668,-0.04208899,0.294062
-0.2199739,1.054789,3.600055,-0.07543021,-0.04169589,0.2923009
-0.2135102,1.083941,3.601819,-0.07562643,-0.0418738,0.2941771
-0.1946098,1.058522,3.607495,-0.07566351,-0.04119148,0.2936503
-0.2243219,1.069046,3.599716,-0.07515687,-0.0395908,0.2923508
-0.2341545,1.099262,3.597885,-0.07517534,-0.03900524,0.2944201
-0.238212,1.110006,3.593425,-0.07560492,-0.03963396,0.2932019
-0.2484507,1.079329,3.593097,-0.07515615,-0.03933921,0.2921894
-0.2181455,1.091785,3.598798,-0.07464078,-0.03961183,0.2936065
-0.2685687,1.106976,3.588022,-0.0751465,-0.04017579,0.2934864
-0.2657784,1.093827,3.589012,-0.07415992,-0.03954984,0.292906
-0.216546,1.079395,3.598104,-0.07400015,-0.03926694,0.2918692
-0.2268848,1.073054,3.596081,-0.07458943,-0.03935991,0.2913469
-0.2528931,1.080052,3.592553,-0.07417572,-0.03893892,0.2924502
-0.2199978,1.106743,3.597759,-0.07393467,-0.04022056,0.2941078
-0.219031,1.074582,3.597871,-0.07329977,-0.03946832,0.2916789
-0.2315987,1.078364,3.595581,-0.07224923,-0.03917591,0.2919672
-0.2066352,1.091381,3.601107,-0.07263824,-0.03972715,0.2936828
-0.2056262,1.079322,3.598487,-0.07272443,-0.03991977,0.2913983
-0.1984686,1.077472,3.599773,-0.0717501,-0.03950511,0.2910876
-0.2094066,1.081342,3.599526,-0.07265085,-0.03963627,0.2920697
-0.2028493,1.0931,3.598742,-0.07180566,-0.03834398,0.2911556
-0.211567,1.10821,3.597546,-0.0734508,-0.03935776,0.2925134
-0.2050442,1.083307,3.598118,-0.07256213,-0.03969524,0.2910615
-0.203328,1.080492,3.598314,-0.07261634,-0.04012084,0.2906408
-0.1770384,1.071841,3.605341,-0.07431674,-0.04048118,0.2912685
-0.1769353,1.077527,3.603271,-0.07503167,-0.04011735,0.2902473
-0.2067812,1.083104,3.598311,-0.0751974,-0.04017558,0.290567
-0.1725249,1.081883,3.604796,-0.07548779,-0.03963785,0.290872
-0.1924164,1.077879,3.599262,-0.0755612,-0.04018809,0.2897419
-0.2227442,1.088938,3.593754,-0.07556468,-0.0391806,0.2896982
-0.1999025,1.096298,3.598111,-0.07494634,-0.03758998,0.2897457
-0.1985238,1.120932,3.596723,-0.07591951,-0.03786299,0.2904596
-0.2119815,1.114608,3.594271,-0.07588151,-0.03719981,0.2898172
-0.2529507,1.149943,3.582328,-0.07811701,-0.03718202,0.2896969
-0.2515236,1.145194,3.582342,-0.07915699,-0.03736325,0.289106
-0.2450821,1.143004,3.583983,-0.08035344,-0.03757862,0.2891979
-0.2714824,1.153137,3.577991,-0.08220518,-0.03756465,0.2892661
-0.3438655,1.180409,3.557555,-0.08467209,-0.03760419,0.2880902
-0.3280617,1.182114,3.562225,-0.08717579,-0.0385682,0.2892405
-0.3631111,1.208187,3.551717,-0.09044176,-0.04009373,0.2900296
-0.3964966,1.215049,3.542633,-0.09340423,-0.04122537,0.2900351
-0.4451784,1.211643,3.527066,-0.09897995,-0.04501978,0.288525
-0.5137669,1.247642,3.504681,-0.1003563,-0.04628002,0.2893542
-0.5191013,1.236253,3.50464,-0.1019859,-0.04814347,0.2896818
-0.5183538,1.219407,3.50519,-0.1040676,-0.04926224,0.2887005
-0.5514455,1.238978,3.494822,-0.105873,-0.05020424,0.2896818
-0.5212815,1.214937,3.504023,-0.1071293,-0.0508801,0.2882776
-0.5495037,1.213274,3.496547,-0.1076129,-0.0510183,0.2884234
-0.5068645,1.206935,3.509969,-0.1080117,-0.05050674,0.2886611
-0.5840583,1.233702,3.486047,-0.1139529,-0.05408522,0.2899166
-0.6258136,1.244273,3.47117,-0.1182767,-0.05695455,0.2898717
-0.6760655,1.257488,3.452824,-0.1185197,-0.05820829,0.2902187
-0.7022682,1.238375,3.444378,-0.121994,-0.06142248,0.2893449
-0.7256522,1.268508,3.43629,-0.1236433,-0.06280924,0.2919697
-0.7885985,1.25502,3.415322,-0.1268572,-0.06514914,0.2919886
-0.76521,1.270593,3.424491,-0.1282514,-0.06605924,0.2934924
-0.7652375,1.252322,3.421952,-0.1308292,-0.06828574,0.2908522
-0.7353419,1.215488,3.434713,-0.1300799,-0.06756981,0.2890387
-0.8074129,1.219835,3.403831,-0.1289015,-0.06656005,0.2870455
-0.7940779,1.213291,3.409527,-0.1283002,-0.06652848,0.2869886
-0.7461414,1.220739,3.429129,-0.1294129,-0.06657436,0.2882648
-0.7684276,1.222781,3.419614,-0.1293021,-0.06666882,0.2877052
-0.7810964,1.219096,3.414827,-0.1283597,-0.06614003,0.2873725
-0.7824918,1.2208,3.415113,-0.1277075,-0.06608812,0.2880532
-0.7771692,1.218711,3.418438,-0.1268543,-0.06512757,0.2884792
-0.7832199,1.240179,3.411646,-0.1251838,-0.06462598,0.2878634
-0.7740766,1.232651,3.416416,-0.1254955,-0.06482524,0.288021
-0.764211,1.226091,3.420533,-0.1253313,-0.0649769,0.2878709
-0.7889125,1.223448,3.411078,-0.1246852,-0.06431172,0.2874731
-0.7623975,1.235943,3.419794,-0.1254743,-0.06553513,0.2880386
-0.7504693,1.210373,3.426232,-0.1231907,-0.06433105,0.2873836
-0.7372299,1.216255,3.429322,-0.1232327,-0.06473323,0.2870827
-0.8107615,1.268264,3.403969,-0.1225582,-0.06381707,0.2919792
-0.7428113,1.255088,3.431139,-0.1213497,-0.06257565,0.2916707
-0.7238829,1.258018,3.439875,-0.1196452,-0.06113881,0.2928168
-0.6832741,1.238567,3.451008,-0.1153533,-0.05802552,0.2896085
-0.7000213,1.267171,3.444156,-0.1140853,-0.05738373,0.2913404
-0.6767874,1.257832,3.453478,-0.1118723,-0.0554977,0.2910832
-0.6726832,1.25685,3.454494,-0.1096435,-0.05328106,0.2904454
-0.6575269,1.248073,3.459699,-0.1076996,-0.05065052,0.2892219
-0.6176351,1.275131,3.471227,-0.09977168,-0.04648572,0.2907306
-0.5645474,1.273746,3.487624,-0.09429044,-0.04234863,0.2900664
-0.5418756,1.285909,3.493341,-0.09113872,-0.04030713,0.2904714
-0.4863682,1.264443,3.508135,-0.08783829,-0.03825156,0.2878613
-0.4631126,1.282943,3.512841,-0.08612639,-0.03697015,0.2885219
-0.4105552,1.275671,3.529512,-0.07817662,-0.03565773,0.2900575
-0.31995,1.25187,3.553065,-0.07458407,-0.03525633,0.289732
-0.2370246,1.182811,3.576161,-0.06517437,-0.0346307,0.2883681
-0.1953185,1.150774,3.586148,-0.06175181,-0.03412198,0.287084
-0.1081948,1.136846,3.601214,-0.05652341,-0.03462526,0.2866399
0.008191586,1.073282,3.625446,-0.04929206,-0.03193969,0.2862477
0.0230996,1.100242,3.62728,-0.04740074,-0.03179091,0.2881472
0.08950824,1.072515,3.639814,-0.04130119,-0.03026865,0.289431
0.1546483,1.041042,3.648302,-0.03400299,-0.02961421,0.2880815
0.2028069,1.010988,3.656082,-0.0304825,-0.02865277,0.288183
0.1883628,1.070758,3.656222,-0.01586744,-0.02530879,0.2899141
0.2828679,1.044247,3.663699,-0.008858383,-0.02369349,0.2882625
0.3692417,1.007722,3.668323,-0.001815736,-0.02085944,0.285531
0.417255,1.000994,3.673254,0.00269933,-0.01886815,0.2865274
0.4357275,0.9909874,3.672318,0.005050361,-0.0169856,0.2846389
0.4928069,0.9963008,3.67223,0.008539781,-0.01662049,0.2853956
0.4958465,0.9888873,3.674672,0.01332334,-0.0147292,0.2849388
0.5083067,1.001089,3.672381,0.01626845,-0.01402369,0.284353
0.5507095,0.9765177,3.674961,0.01895176,-0.01289296,0.2843146
0.6090651,1.065429,3.675792,0.02453358,-0.009264201,0.2915282
0.5660291,1.130998,3.672691,0.02521911,-0.008250386,0.294198
0.5389574,1.13416,3.669824,0.02509367,-0.008342564,0.2917945
0.4876382,1.224091,3.663311,0.02612416,-0.009152859,0.2974908
0.4994878,1.201772,3.664929,0.02807538,-0.007742465,0.2951983
0.5205982,1.189245,3.665495,0.0296802,-0.008188784,0.2945685
0.5419928,1.188008,3.664081,0.03204825,-0.00730148,0.2936999
0.5570329,1.164743,3.66803,0.0338098,-0.006613612,0.2930976
0.5529299,1.079852,3.662588,0.03412151,-0.004140586,0.279443
0.5340239,1.108263,3.658393,0.03476606,-0.004890472,0.2797576
0.5928541,1.098591,3.665057,0.03299118,-0.006495118,0.2856752
0.5664555,1.109549,3.662789,0.03044824,-0.007648468,0.2852271
0.4838508,1.180376,3.652337,0.02469513,-0.0156568,0.2894986
0.504772,1.135069,3.659688,0.0222919,-0.01794213,0.2899642
0.4848005,1.112097,3.661737,0.019862,-0.01921597,0.2887164
0.4611878,1.112703,3.660724,0.01819837,-0.02122891,0.2885963
0.4498899,1.10761,3.65944,0.01714458,-0.0249573,0.2887595
0.4680864,1.096337,3.661066,0.01673611,-0.02880806,0.2904599
0.4817064,1.079311,3.663448,0.01544991,-0.03173876,0.2916557
0.5119791,1.009584,3.670926,0.01256308,-0.03682584,0.2921599
0.4865084,0.976614,3.671682,0.01117903,-0.03938124,0.2900994
0.4913334,0.9556751,3.672814,0.01082171,-0.04266675,0.2902781
0.499131,0.963607,3.672203,0.009194747,-0.0463246,0.2920784
0.4835684,0.9583249,3.671098,0.007796645,-0.049942,0.2921853
0.4902074,0.9183976,3.672468,0.007348567,-0.05453412,0.2918303
0.5172278,0.8499828,3.676363,0.007211596,-0.05717807,0.2912924
0.5378575,0.8230939,3.677626,0.008604705,-0.05898392,0.2915379
0.5506663,0.7753907,3.676293,0.009222314,-0.0630771,0.289795
0.5603443,0.7322202,3.671584,0.01106672,-0.07223684,0.287794
0.58781,0.6617855,3.67157,0.01112655,-0.07454006,0.2869939
0.5993458,0.6233059,3.668322,0.01262128,-0.07650632,0.2854627
0.6707252,0.541586,3.661875,0.01444648,-0.08239871,0.2851342
0.9045893,0.403035,3.631326,0.01662645,-0.09323488,0.2885171
0.8691919,0.3930019,3.630307,0.0169269,-0.09708582,0.285545
0.9856343,0.3016463,3.605754,0.01878222,-0.1089533,0.2883899
1.076426,0.1871323,3.572034,0.0181079,-0.1087766,0.285553
1.104094,0.1642834,3.562172,0.01891031,-0.1085624,0.2844713
1.147676,0.1514523,3.550117,0.0189207,-0.1098486,0.2853258
1.116118,0.1473956,3.553989,0.0179154,-0.1088799,0.2833853
1.110349,0.1468364,3.556626,0.01763096,-0.1096055,0.2832443
1.142376,0.09780899,3.542693,0.01816847,-0.1098482,0.2835191
1.147572,0.1416617,3.551175,0.01912166,-0.1045232,0.2847897
1.118025,0.1616013,3.557854,0.01855287,-0.09728988,0.2831079
1.232274,0.1195359,3.521978,0.01655544,-0.09519449,0.284533
1.073856,0.2612187,3.583884,0.01697206,-0.093404,0.2866888
1.088111,0.1780421,3.565701,0.01790762,-0.08288491,0.2840819
0.9952984,0.3700179,3.61152,0.02278075,-0.07217959,0.2859238
0.97934,0.504319,3.623079,0.02070933,-0.06902908,0.288258
0.9386269,0.52907,3.633608,0.0196858,-0.06806901,0.2894223
0.9616107,0.5035278,3.625278,0.01862875,-0.06639713,0.2880113
0.9339687,0.5363933,3.633986,0.01841447,-0.06496024,0.2896171
0.8920097,0.5433692,3.643987,0.01841324,-0.05839008,0.2895961
0.8083872,0.6887021,3.662355,0.02086628,-0.04907875,0.2923003
0.7724474,0.7560363,3.661629,0.02031755,-0.04809424,0.2913637
0.7827056,0.7434916,3.662321,0.01961913,-0.04785562,0.2921047
0.7847608,0.7244912,3.665254,0.01997124,-0.04427704,0.2926768
0.7338515,0.8107431,3.666366,0.01774938,-0.04299465,0.2932501
0.7334031,0.791739,3.671309,0.01735765,-0.04158658,0.294715
0.7720324,0.7860272,3.667953,0.01570272,-0.043861,0.2957215
0.7332212,0.7431605,3.671405,0.01436147,-0.04925819,0.2944344
0.7535357,0.7369586,3.674225,0.01396924,-0.05288551,0.2986507
0.7368186,0.7404568,3.677221,0.01289801,-0.05540087,0.2999176
0.7582144,0.6879467,3.674291,0.01181297,-0.05662916,0.2992864
0.8060009,0.6820894,3.675697,0.01085424,-0.05855694,0.3039422
0.7075639,0.6572941,3.685499,0.006516874,-0.06617327,0.3039048
0.7588295,0.5723346,3.676575,0.004526198,-0.06625606,0.3016174
0.686794,0.5734621,3.685799,-0.0001970232,-0.06678457,0.3024321
0.6587982,0.5695673,3.690029,-0.001009271,-0.0664694,0.3029462
0.7329757,0.4722741,3.687633,-0.0010975,-0.06076175,0.3055531
0.4759798,0.7262032,3.715948,-0.006983101,-0.05308772,0.3107728
0.3596761,0.7163674,3.734857,0.0007256866,-0.04192013,0.3157437
0.3217421,1.125793,3.701546,-0.005597264,-0.04382968,0.3212976
0.4672604,0.915351,3.715028,-0.006392777,-0.0524874,0.3170135
0.4555188,0.8738598,3.711962,-0.007246077,-0.05369899,0.3137318
0.4603551,0.8337719,3.71477,-0.006248295,-0.05288856,0.3127071
0.4954881,0.8339465,3.714911,-0.006047249,-0.05393112,0.3140059
0.5591177,0.7829893,3.716949,-0.008148998,-0.05268022,0.3143805
0.299877,0.967625,3.70936,-0.01208127,-0.05525741,0.3184462
0.4057493,0.9289684,3.722179,-0.01478419,-0.05828536,0.3229616
0.4468814,0.8172359,3.720711,-0.01862904,-0.06105044,0.3180734
0.4187386,0.8434047,3.720428,-0.01997307,-0.06059627,0.3185451
0.3546349,0.8911592,3.718752,-0.02043054,-0.06172764,0.3199708
0.361135,0.8367174,3.720544,-0.0207819,-0.06462258,0.3189424
0.3760703,0.8760247,3.724587,-0.0190179,-0.06937479,0.3249776
0.4981214,0.7636437,3.736978,-0.0205639,-0.07267075,0.3284785
0.4831685,0.7220364,3.735865,-0.02307895,-0.07146016,0.3257079
0.3940766,0.7850317,3.739043,-0.02160326,-0.07207909,0.3273911
0.3188893,0.8862879,3.739489,-0.02189019,-0.0765283,0.3329782
0.2592393,0.9368997,3.734332,-0.02559191,-0.08190341,0.3353271
0.3434005,0.7736983,3.738379,-0.02785376,-0.08190248,0.3288264
0.3065164,0.792115,3.738075,-0.02746269,-0.08098651,0.3292669
0.2348126,0.864062,3.73129,-0.03011358,-0.09078357,0.3320384
0.3298146,0.7265684,3.7439,-0.02914208,-0.09132067,0.3315952
0.3171126,0.6996691,3.741427,-0.02909932,-0.09737697,0.3316022
0.3830788,0.6359028,3.741249,-0.03002504,-0.1060668,0.3328342
0.4217372,0.5773823,3.744729,-0.03140861,-0.115829,0.3352523
0.4762059,0.4659515,3.740384,-0.03116801,-0.1221626,0.3352679
0.422444,0.4582815,3.746158,-0.035027,-0.1294426,0.3372862
0.5277491,0.3644205,3.734663,-0.03547478,-0.1325124,0.3369751
0.5631553,0.3367804,3.737721,-0.035485,-0.1415642,0.3407605
0.5804055,0.3078005,3.736136,-0.03619781,-0.145398,0.3414726
0.6726787,0.1688275,3.720174,-0.03586394,-0.153866,0.3420948
0.7130137,0.121109,3.711419,-0.03612006,-0.1541285,0.3424327
0.7008747,0.1116647,3.713898,-0.03715566,-0.1596509,0.3436673
0.7529072,0.0701471,3.703322,-0.03539839,-0.1601955,0.3442662
0.7224675,0.03775978,3.703179,-0.03459275,-0.1589391,0.3436916
0.6675836,0.1248251,3.739221,-0.02743611,-0.1492591,0.3518473
0.7558472,0.1149668,3.731634,-0.02779683,-0.1418733,0.3510506
0.7243766,0.1804672,3.746264,-0.02588734,-0.1386978,0.3521006
0.7075838,0.2574277,3.755227,-0.025197,-0.1411871,0.3521297
0.7448192,0.1904025,3.744907,-0.02311641,-0.1498451,0.3530688
0.7887155,0.1526403,3.738911,-0.02213991,-0.1557987,0.3550997
0.8538536,0.07207146,3.722108,-0.02375335,-0.1625044,0.3569286
0.8673249,0.0413405,3.721061,-0.0240584,-0.1619243,0.3590198
0.9077407,-0.02347994,3.708497,-0.02479127,-0.157616,0.3606724
0.7737957,0.1369527,3.751395,-0.02361125,-0.1575177,0.3609768
1.444502,-0.561359,3.369368,-0.02778532,-0.1022452,0.3728585
0.7397519,-0.258804,3.660606,-0.01878124,-0.07072777,0.3644754
0.9702883,0.2550872,3.838176,-0.00628154,-0.02844894,0.3984733
0.7156739,0.9470323,3.886687,-0.02244705,0.001895785,0.3992404
0.3552737,1.294472,3.858503,-0.01716234,0.02435032,0.394726
-0.0572567,1.820699,3.682968,-0.02646637,0.04719412,0.3921247
-0.3035956,1.969579,3.567272,-0.03314501,0.02972758,0.395293
-0.1328488,1.747481,3.683223,-0.03710473,0.02003419,0.3938081
-0.1342533,1.713062,3.69644,-0.03907338,0.0190357,0.3938729
-0.1741774,1.724809,3.681657,-0.03874668,0.01793087,0.3919691
-0.1495231,1.696921,3.693302,-0.03559801,0.01435566,0.3925763
-0.0235481,1.616643,3.736256,-0.03378198,0.003774524,0.3969325
-0.09368187,1.599319,3.728708,-0.03194413,-0.002614439,0.3965014
-0.01626098,1.615621,3.750762,-0.026535,-0.003313005,0.4077777
0.1181896,1.526048,3.779049,-0.0188491,-0.007357061,0.4026221
0.1509762,1.509017,3.786379,-0.01953307,-0.01589155,0.4063337
0.2406966,1.336188,3.830423,-0.01681796,-0.02088997,0.4023967
0.3160889,1.247273,3.844516,-0.0152891,-0.02230018,0.3976729
0.2747712,1.248335,3.84296,-0.0148699,-0.02163899,0.3967701
0.275473,1.252782,3.84236,-0.01429704,-0.02632913,0.3988831
0.342071,1.182931,3.859797,-0.0130108,-0.0259617,0.3995073
0.3606942,1.179166,3.863383,-0.01092353,-0.02306882,0.3998288
0.2913808,1.259231,3.848975,-0.01288989,-0.02049142,0.4006484
0.3236956,1.215518,3.85761,-0.01394841,-0.02160066,0.4002719
0.2826791,1.274158,3.84592,-0.01510286,-0.02487445,0.4029263
0.2728189,1.274832,3.846496,-0.01477852,-0.02704385,0.4042125
0.2984175,1.20676,3.856041,-0.01388294,-0.0286575,0.4010036
0.312879,1.224262,3.857261,-0.01389763,-0.03125057,0.404739
0.3514024,1.121023,3.873961,-0.01239422,-0.03470212,0.4029036
0.3524378,1.141592,3.875273,-0.01137194,-0.03595874,0.4063621
0.3656459,1.131456,3.879822,-0.01156858,-0.0366523,0.4077599
0.3721149,1.137503,3.885133,-0.01119021,-0.03492364,0.4105507
0.3786725,1.138004,3.885497,-0.009635448,-0.03387883,0.4102399
0.3791845,1.136079,3.88336,-0.009829223,-0.03505385,0.4092073
0.4033231,1.135025,3.887982,-0.01315993,-0.03803867,0.4129202
0.3748899,1.133775,3.886352,-0.01406401,-0.03920934,0.4120002
0.3846638,1.086484,3.892863,-0.01403078,-0.04115066,0.4109446
0.3980027,1.064536,3.89787,-0.01421064,-0.04271418,0.4117569
0.379815,1.075789,3.904423,-0.01992396,-0.04927573,0.4183037
0.3494304,1.065089,3.900772,-0.02296159,-0.05472916,0.4170129
0.3213985,1.038965,3.906425,-0.02439448,-0.05685765,0.4179581
0.2682518,1.050158,3.905488,-0.02368277,-0.05744304,0.4192457
0.3102954,1.020806,3.909084,-0.0242244,-0.06030282,0.4190161
0.3269421,0.982751,3.913137,-0.02603251,-0.06226009,0.4183536
0.2727588,1.031333,3.903272,-0.0273447,-0.0602012,0.4175556
0.2670096,1.111558,3.896671,-0.03055844,-0.06751013,0.4252172
0.2748877,1.094379,3.902413,-0.03115141,-0.067678,0.4265517
0.2783549,1.073082,3.904935,-0.03097892,-0.06569138,0.4249796
0.2915778,1.114684,3.89555,-0.03311539,-0.07219797,0.4267132
0.3450984,1.054127,3.906488,-0.0335812,-0.0748757,0.4272782
0.3145065,1.05425,3.903905,-0.03299034,-0.07591631,0.4259508
0.3462368,0.9825858,3.910413,-0.03279185,-0.07633063,0.4228239
0.3248744,1.028187,3.907902,-0.0342471,-0.07833339,0.426186
0.2968628,0.9363214,3.911283,-0.03630674,-0.07784948,0.4192646
0.2471785,0.9802106,3.90569,-0.03632611,-0.07853109,0.4205949
0.2848819,0.9581152,3.911501,-0.03514996,-0.07831445,0.4216661
0.2794152,0.9869392,3.910408,-0.03485435,-0.07763427,0.4230958
0.3148136,0.9657153,3.917305,-0.03690198,-0.07560602,0.4243468
0.2583096,1.022417,3.915379,-0.03670868,-0.07309367,0.4276794
0.2644091,0.9524254,3.92903,-0.03446206,-0.06396985,0.4262998
0.2354067,1.170537,3.906256,-0.03146353,-0.06631225,0.4371279
0.1371177,1.391888,3.859889,-0.03201899,-0.07200947,0.4485757
0.174106,1.342335,3.881092,-0.03241745,-0.07168853,0.4507853
0.206751,1.325339,3.883896,-0.02942213,-0.06409353,0.4461612
0.1456987,1.403324,3.859169,-0.03159857,-0.0696677,0.4489179
0.2406904,1.235846,3.899154,-0.03699923,-0.07257149,0.4446563
0.208111,1.270161,3.889913,-0.03786087,-0.07305214,0.4448276
0.1639457,1.311638,3.878126,-0.03865397,-0.07440788,0.4457526
0.1839654,1.218043,3.895985,-0.03910741,-0.07355261,0.440975
0.1511559,1.18877,3.896465,-0.03992951,-0.07074967,0.4368773
0.09070495,1.247071,3.880783,-0.04207391,-0.07327664,0.4390802
0.2325533,1.115788,3.917801,-0.04466754,-0.07204871,0.4390666
0.2141423,1.133163,3.918692,-0.04406866,-0.06902653,0.4407644
0.1918597,1.090401,3.915609,-0.03948575,-0.07203627,0.4350579
0.1954942,1.145658,3.910931,-0.03902817,-0.07324108,0.4392929
0.198803,1.104373,3.916485,-0.03865027,-0.07546861,0.437871
0.2950633,1.004105,3.934199,-0.0386169,-0.07567273,0.4366328
0.1594861,1.144182,3.909301,-0.03967151,-0.07690838,0.4398704
0.2402442,1.062929,3.926863,-0.04041159,-0.07874729,0.4395773
0.2639287,1.027353,3.93251,-0.04071647,-0.07816818,0.4386888
0.2607812,1.032424,3.931156,-0.04071894,-0.07797256,0.4384073
0.2606266,1.005847,3.933972,-0.04028034,-0.07875578,0.4375637
0.293486,0.9923189,3.939598,-0.04092082,-0.07728268,0.4386367
0.2482057,1.007236,3.935173,-0.04061788,-0.07693486,0.4378209
0.2995766,0.9946321,3.940195,-0.04101366,-0.07857235,0.439612
0.2134404,1.005829,3.934181,-0.04250231,-0.08313532,0.4400663
0.2584819,0.9388595,3.94316,-0.04520792,-0.08495112,0.4393514
0.253774,0.8991475,3.941711,-0.04852697,-0.08425575,0.4347634
0.2344461,0.9491222,3.940506,-0.04981777,-0.08558239,0.4386013
0.2202907,0.9657151,3.937678,-0.05091283,-0.0874958,0.4393166
0.2283221,0.9273126,3.941091,-0.05030861,-0.09051104,0.4390941
0.219866,0.9110496,3.940385,-0.0505513,-0.09085535,0.4376354
0.2356864,0.8204245,3.949586,-0.04997855,-0.08870076,0.4363998
0.215671,0.8594112,3.949518,-0.04784018,-0.08700631,0.4388485
0.4945962,0.7487943,3.985298,-0.04501468,-0.07896039,0.451174
0.252513,0.8941633,3.959163,-0.042739,-0.07076225,0.4417831
0.2514704,1.092209,3.938617,-0.03467074,-0.06621872,0.44494
0.2845522,1.107738,3.940672,-0.03647891,-0.07033488,0.4488082
0.2856385,1.087421,3.944517,-0.03719804,-0.07347357,0.4495809
0.2983499,1.048383,3.947256,-0.03776953,-0.07267697,0.4468246
0.3567624,1.017362,3.957346,-0.03983977,-0.07236095,0.4498681
0.2749804,1.059688,3.945946,-0.04052302,-0.0722927,0.4477149
0.1849142,1.115022,3.933141,-0.0405992,-0.07601875,0.449044
0.1914695,1.095226,3.939559,-0.04218122,-0.07845263,0.4507848
0.2049195,1.06188,3.943261,-0.04306361,-0.07993418,0.4495301
0.2087925,0.9971082,3.952444,-0.04416764,-0.08232202,0.4494047
0.2548383,0.9745426,3.958314,-0.04410285,-0.08359034,0.4507401
0.267997,0.9668077,3.962431,-0.04405028,-0.08477037,0.4523847
0.2389665,0.9919025,3.957569,-0.04479992,-0.08652112,0.4523765
0.2139786,1.030993,3.951771,-0.04623127,-0.0893129,0.454005
0.2823091,0.8896648,3.967897,-0.04378095,-0.08818879,0.4503059
0.3369815,0.9971001,3.992765,-0.04454961,-0.07909256,0.4693252
0.1979579,1.137878,3.948099,-0.0443911,-0.07649806,0.4593886
0.1185081,1.221302,3.930813,-0.04504001,-0.06855437,0.4591435
0.05860913,1.296499,3.90531,-0.04432684,-0.06860414,0.4580567
0.09773654,1.275408,3.912731,-0.04435605,-0.07038543,0.4584379
0.1683869,1.141671,3.941819,-0.04241383,-0.06825535,0.4545764
0.1895805,1.148367,3.948016,-0.04425243,-0.067459,0.4578764
0.1749304,1.161483,3.952532,-0.04537183,-0.06461066,0.4608736
0.02280131,1.407431,3.888235,-0.04940906,-0.06424195,0.4654069
0.09766391,1.287331,3.930059,-0.05137655,-0.06081972,0.4649433
0.0934543,1.269542,3.928425,-0.04919758,-0.04951254,0.4577572
0.04830211,1.356781,3.898303,-0.05153096,-0.05092457,0.4558511
0.0434956,1.307753,3.906117,-0.05156186,-0.05291113,0.4538502
0.1163541,1.259657,3.925887,-0.05047709,-0.05177402,0.4548774
0.03515294,1.350966,3.902666,-0.04981354,-0.0520387,0.4582552
0.05412138,1.330485,3.909886,-0.04851773,-0.05052933,0.4577883
0.108133,1.311523,3.919528,-0.04730448,-0.05061075,0.4586054
0.1300355,1.259951,3.92867,-0.04686913,-0.05015031,0.4555628
0.1440435,1.26435,3.935334,-0.04683053,-0.04971361,0.4592919
0.1447729,1.298796,3.926181,-0.0484792,-0.04954118,0.4588327
0.1519787,1.2885,3.92939,-0.04945934,-0.04928029,0.4589373
0.01433203,1.508197,3.880128,-0.05391517,-0.04757321,0.4713945
-0.04965684,1.515319,3.860422,-0.06034815,-0.04697719,0.4647338
-0.06691891,1.495538,3.860758,-0.06193885,-0.05089238,0.4640118
-0.01909429,1.354659,3.900581,-0.06377673,-0.05324975,0.4605622
-0.07620528,1.403545,3.886243,-0.0665791,-0.05404404,0.4641885
-0.05373362,1.451928,3.89926,-0.07045573,-0.05003375,0.4756584
-0.3168401,1.660717,3.774457,-0.07780716,-0.04536295,0.4658478
-0.3843013,1.80525,3.723162,-0.07272255,-0.04608485,0.4790183
-0.2804077,1.659446,3.792748,-0.06466433,-0.04781684,0.474251
-0.2723027,1.711365,3.790358,-0.05891493,-0.04840335,0.4841208
-0.09416476,1.544037,3.869956,-0.04940066,-0.04449415,0.4773029
-0.05962071,1.48122,3.892413,-0.04240659,-0.04889315,0.4780498
0.2379416,1.205235,4.005153,-0.02084786,-0.05028245,0.4862797
0.2521587,1.40017,3.981652,-0.002800345,-0.02252665,0.4903336
0.2350602,1.424544,3.990036,0.0027363,-0.01315212,0.4950194
0.1930645,1.694515,3.899553,0.01516195,0.003547072,0.4919703
0.182211,1.70629,3.893847,0.01589316,0.003550291,0.49174
0.2398741,1.676818,3.909646,0.02081595,-0.003692687,0.4968978
0.21104,1.702506,3.903717,0.01700243,-0.0005763769,0.4978561
0.227577,1.724679,3.888072,0.01006153,-0.002695858,0.4958228
0.1336477,1.710666,3.883585,0.00781706,-0.00429517,0.4920294
0.1009842,1.809928,3.848801,0.005913168,-0.005451143,0.4982486
0.08565778,1.758111,3.859495,0.00219205,-0.009591222,0.4939752
0.06312644,1.672826,3.88723,0.004400641,-0.01355195,0.4920149
0.09922397,1.63302,3.907844,0.005321145,-0.01118344,0.4919164
0.1324252,1.592602,3.922131,0.00759533,-0.01104975,0.490369
0.1173759,1.577769,3.922434,0.007864118,-0.01393157,0.4892865
0.1319577,1.554881,3.927307,0.007840186,-0.01684541,0.4882866
0.1849261,1.439908,3.958282,0.007854283,-0.02019951,0.4841754
0.3376403,1.38372,4.00371,0.008658364,-0.02115306,0.4977614
0.3731175,1.309284,4.019253,0.01621808,-0.02345714,0.4964483
0.4322684,1.239141,4.033099,0.01971798,-0.02519202,0.4948375
0.3929568,1.306069,4.022545,0.02449206,-0.0267837,0.4979906
0.569541,1.217623,4.036314,0.02940659,-0.02716035,0.4980664
0.4728143,1.301671,4.023773,0.03364551,-0.03098676,0.5011427
0.506695,1.232987,4.046109,0.03904749,-0.03398818,0.504986
0.5721748,1.23173,4.045702,0.04304135,-0.03657013,0.5077752
0.6221983,1.197514,4.061082,0.05393892,-0.04314336,0.5149798
0.7661065,1.095276,4.089124,0.05877078,-0.02886155,0.5198908
0.8455041,1.004057,4.100234,0.06150435,-0.03485951,0.5237957
0.8219008,1.076548,4.084835,0.06308077,-0.03287682,0.5209651
0.8350432,1.045465,4.088628,0.06176088,-0.03483659,0.5214496
0.9071085,0.940724,4.101511,0.06954968,-0.03173295,0.5222443
0.8990275,1.006937,4.097116,0.06769601,-0.02942568,0.5253334
0.7251043,1.105019,4.093434,0.06966189,-0.0249179,0.5194693
0.7000039,1.106264,4.094588,0.07144981,-0.02429095,0.5185463
0.6524258,1.228874,4.082786,0.06718339,-0.02241352,0.5249462
0.6430706,1.214839,4.086576,0.0664031,-0.02245209,0.5246814
0.6271024,1.22376,4.08107,0.0647671,-0.02207917,0.5221255
0.6262389,1.252717,4.077953,0.06501221,-0.02274531,0.5245631
0.6439926,1.236879,4.086181,0.06224102,-0.02112749,0.5271326
0.5509334,1.281535,4.075529,0.05330539,-0.02110806,0.5244536
0.4233835,1.351664,4.056509,0.04173532,-0.02338669,0.5234852
0.4582323,1.307293,4.063639,0.03771459,-0.02612793,0.5227594
0.4571084,1.285587,4.06894,0.03430912,-0.02517444,0.522419
0.3945838,1.337748,4.059375,0.0289261,-0.02515453,0.5242682
0.2944999,1.393747,4.034554,0.02380466,-0.02615601,0.5203018
0.2723328,1.387281,4.033011,0.01824629,-0.02591598,0.5189716
0.2835529,1.349296,4.040096,0.01706985,-0.02923179,0.5183167
0.2257164,1.395532,4.024168,0.01275095,-0.03032765,0.5181651
0.2951877,1.289075,4.04813,0.01175433,-0.02811992,0.5139568
0.2550099,1.312837,4.040034,0.0113031,-0.02778035,0.5131855
0.2557538,1.337809,4.038335,0.01096234,-0.02663073,0.5152924
0.3102497,1.285608,4.045608,0.005411983,-0.02649918,0.5117588
0.2736003,1.32694,4.034492,0.004561454,-0.02826497,0.5124519
0.2360752,1.318536,4.038855,-0.004096657,-0.03186494,0.5158193
0.2389269,1.293997,4.042266,-0.006944001,-0.03425726,0.5154474
0.219701,1.311196,4.039686,-0.0108141,-0.03407007,0.5167022
0.1309655,1.359802,4.018682,-0.01189193,-0.03441763,0.5147289
0.1128592,1.379098,4.017826,-0.009426415,-0.02586266,0.5148025
0.1199084,1.368098,4.022865,-0.006440431,-0.02709469,0.5161997
0.2848923,1.310527,4.056238,-0.01382306,-0.02746749,0.523549
0.1838162,1.403372,4.027359,-0.01379874,-0.02828529,0.5229043
0.08619046,1.481442,4.007845,-0.02126363,-0.02224702,0.525013
0.04045734,1.513881,3.997791,-0.02730882,-0.02422866,0.5272173
0.04006213,1.45507,4.010702,-0.03100967,-0.0254308,0.5249119
0.02920204,1.445937,4.013542,-0.02914184,-0.02775356,0.526427
0.06023383,1.431211,4.020826,-0.02807459,-0.02896151,0.5272286
0.05889404,1.438319,4.020606,-0.02839845,-0.03207228,0.529475
0.09487653,1.426177,4.032538,-0.03011957,-0.03320646,0.533015
0.1173809,1.389556,4.043566,-0.030294,-0.03272548,0.5325434
0.1021473,1.397601,4.039012,-0.03155935,-0.03320938,0.5318322
0.07355058,1.407305,4.030356,-0.03341627,-0.03508711,0.5303441
0.05733383,1.417158,4.03004,-0.03537035,-0.03560796,0.5323988
0.03614837,1.446391,4.025394,-0.03791806,-0.0343729,0.5345483
0.04629844,1.408261,4.034617,-0.03976247,-0.03507125,0.5334586
0.0272187,1.382679,4.035389,-0.03826565,-0.04045334,0.5331813
-0.07321113,1.430747,4.005785,-0.03538027,-0.04512379,0.5323387
-0.05479938,1.404296,4.017136,-0.03522336,-0.04541579,0.5335662
-0.1126561,1.53513,3.980793,-0.03781176,-0.04233906,0.5369607
0.02448124,1.454672,4.029126,-0.03887966,-0.04203108,0.5419021
-0.01658356,1.409362,4.027997,-0.03863919,-0.04158953,0.5361531
0.005386442,1.414886,4.045317,-0.04446578,-0.03578538,0.5423374
-0.2102078,1.562393,3.958813,-0.04751295,-0.03416896,0.5332127
-0.1665571,1.417918,4.015787,-0.04800156,-0.03325319,0.5365462
-0.2855758,1.607796,3.950341,-0.04970878,-0.02810141,0.5403056
-0.1737426,1.579844,3.990362,-0.04761675,-0.01883024,0.5428939
-0.2423426,1.653308,3.959796,-0.04482883,-0.01381284,0.5435711
-0.2349022,1.61326,3.977726,-0.03311506,-0.005978256,0.5425997
-0.2489374,1.627286,3.967572,-0.03194678,-0.005911678,0.5411708
-0.2070902,1.632795,3.968449,-0.02355802,-0.001476675,0.5376332
-0.1390246,1.62396,3.984872,-0.02340749,-0.002677679,0.5399226
-0.06380108,1.670259,3.997104,-0.02297121,-0.001514673,0.5493743
-0.02681035,1.601441,4.024548,-0.02254215,-0.00148508,0.5489613
-0.04166242,1.707182,4.002741,-0.0203312,0.0008822381,0.5574118
-0.2133117,1.662082,3.972857,-0.0169425,0.002611607,0.5448598
-0.09225538,1.512066,4.040168,-0.01569569,0.004092813,0.5450858
-0.3008214,1.862987,3.884662,-0.01459855,0.001508951,0.5493697
-0.2442569,1.821414,3.910269,-0.01631829,0.003687918,0.5466856
-0.2603976,1.832246,3.902916,-0.01706809,0.005389988,0.5457817
-0.05999914,1.699219,4.019249,-0.02747434,0.01638141,0.5579587
-0.262417,1.876111,3.933459,-0.03487077,0.02227718,0.5607651
-0.3949184,1.947961,3.875221,-0.05079752,0.03177428,0.5531622
-0.3902241,1.879858,3.887794,-0.04804507,0.03146613,0.5440669
-0.3505663,1.830185,3.912354,-0.04826152,0.03145105,0.541738
-0.3243511,1.81482,3.940537,-0.04854605,0.03605533,0.5481162
-0.5593544,2.143518,3.707661,-0.04032162,0.01809996,0.5488408
-0.4328072,1.946199,3.847327,-0.04222327,0.02118862,0.5496542
-0.4249853,1.948444,3.845816,-0.0416356,0.02111429,0.5486432
-0.4133726,1.951314,3.847106,-0.03768837,0.01840425,0.5506908
-0.3867694,1.918258,3.864003,-0.03515017,0.01359749,0.55143
-0.3991871,1.865748,3.859827,-0.03392249,0.006482363,0.542524
-0.3011998,1.756191,3.947348,-0.0386084,-0.000244081,0.5565215
-0.4106406,1.822191,3.877852,-0.03918558,-0.0009686351,0.5465676
-0.3130809,1.831152,3.922842,-0.04152396,-0.0002470613,0.5605401
-0.3212159,1.783201,3.928749,-0.04088473,-0.002428889,0.5553106
-0.3651461,1.792992,3.915387,-0.04009235,-0.003456861,0.5556436
-0.3279241,1.789358,3.923304,-0.04153687,-0.004317582,0.5553064
-0.2724136,1.696151,3.972478,-0.04311344,-0.003658414,0.5562099
-0.2572323,1.702243,3.976218,-0.04514575,-0.003224373,0.5574929
-0.5255752,1.963041,3.787125,-0.04390424,-0.0110516,0.5520983
-0.4551635,1.840255,3.852998,-0.04330719,-0.00684312,0.5455244
-0.4340984,1.809205,3.871154,-0.04489911,-0.007661343,0.5456727
-0.4644807,1.808983,3.867933,-0.04529262,-0.00788334,0.5478077
-0.4499604,1.787664,3.878626,-0.04494005,-0.007024944,0.5466011
-0.3765328,1.802279,3.901604,-0.04601043,-0.003276438,0.5508657
-0.4554587,1.887231,3.845879,-0.04448748,-0.003205001,0.5503378
-0.5128417,1.908799,3.816776,-0.04411691,-0.006531417,0.5497305
-0.4048245,1.811486,3.894025,-0.04698497,-0.006553978,0.5535789
-0.3770468,1.99324,3.853289,-0.05021107,-0.006515324,0.5721486
-0.2911808,1.834346,3.947213,-0.04969054,-0.005923182,0.5736914
-0.19171,1.607698,4.031165,-0.04948616,-0.006866485,0.5649848
-0.1828952,1.464195,4.074631,-0.0484508,-0.005045086,0.5640522
-0.2856493,1.797371,3.954111,-0.04503095,-0.01420367,0.5733819
-0.4125718,1.938558,3.867307,-0.03489557,-0.01750541,0.5771979
-0.336828,1.709394,3.985006,-0.02953744,-0.01051238,0.5768969
-0.4172366,1.932733,3.861005,-0.02303201,-0.01645148,0.5742912
-0.2688641,1.852385,3.901316,-0.0177891,-0.02780202,0.5672724
-0.2192761,1.656347,3.981653,-0.01232934,-0.0306043,0.5651881
-0.1535965,1.656847,4.001945,-0.006908596,-0.03124365,0.5712862
-0.104019,1.642749,3.995737,0.0007198751,-0.03837836,0.5659109
-0.1819755,1.769539,3.934862,0.003599018,-0.04565307,0.5699174
-0.1682359,1.751149,3.934225,0.004755378,-0.06055155,0.5720183
-0.1455602,1.724313,3.943554,0.003168046,-0.06243309,0.5700903
-0.0521245,1.563683,4.009141,0.001520783,-0.06131881,0.5656557
-0.02802563,1.444323,4.049358,0.001546115,-0.05395809,0.5623939
-0.1143653,1.647155,3.982378,0.005363911,-0.04949191,0.5663562
-0.05736938,1.623212,4.015634,0.005655706,-0.04246631,0.5723119
-0.167061,1.689873,3.962466,0.00550735,-0.04210863,0.5650243
-0.1459565,1.654545,3.984581,0.004560024,-0.04266644,0.5681359
-0.1685055,1.593647,4.000721,0.005257517,-0.03768423,0.5650465
-0.2052815,1.613349,3.999077,0.00570935,-0.036403,0.5702415
-0.2195339,1.707453,3.952403,0.01145041,-0.04614609,0.5703391
-0.1894243,1.602602,3.98772,0.01169726,-0.04472107,0.5657219
-0.2389123,1.733147,3.941712,0.01105008,-0.04829001,0.5728776
-0.2745617,1.743208,3.930076,0.007901937,-0.05371606,0.5746303
-0.2849896,1.730902,3.923664,0.004420221,-0.05832347,0.5716162
-0.2351717,1.602811,3.978658,0.008594185,-0.05443174,0.5693166
-0.4165582,1.667928,3.935923,-0.006231844,-0.06595957,0.5824561
-0.5150505,1.793114,3.883866,-0.01567584,-0.07462904,0.5971366
